id;caso;mayuscula;posicion;lema_anterior;lema_posterior;desinencia;prefijos;clase_de_palabra_id;determinante_1_id;determinante_2_id;determinante_3_id;documento_id;lema_id;determinante_4_id
4;ir;f;2;querer;al;ir;ir;desconocido;;;;33;3;
5;al;f;3;ir;doctor;al;al;desconocido;;;;33;4;
6;doctora;f;4;al;.;tor;doc;desconocido;;;;33;5;
7;.;f;5;doctor;"";.;.;desconocido;;;;33;6;
2;Felipes;t;0;"";querer;pe;fe;desconocido;;;;33;1;
9;las;f;1;"";"";las;las;desconocido;;;;41;8;
10;14;f;2;el;:;14;14;desconocido;;;;41;9;
11;:;f;3;"";"";:;:;desconocido;;;;41;10;
12;30;f;4;:;de;30;30;desconocido;;;;41;9;
13;de;f;5;"";este;de;de;desconocido;;;;41;11;
14;este;f;6;de;domingo;te;es;desconocido;;;;41;12;
16;27;f;8;domingo;de;27;27;desconocido;;;;41;9;
17;de;f;9;"";febrero;de;de;desconocido;;;;41;11;
18;febrero;f;10;de;de;ro;feb;desconocido;;;;41;14;
19;de;f;11;febrero;"";de;de;desconocido;;;;41;11;
20;2022;f;12;de;,;022;20;desconocido;;;;41;9;
21;,;f;13;"";el;,;,;desconocido;;;;41;15;
22;la;f;14;,;"";la;la;desconocido;;;;41;8;
23;Cancillería;t;15;el;confirmar;ría;can;desconocido;;;;41;16;
24;confirmó;f;16;"";que;mó;con;desconocido;;;;41;17;
25;que;f;17;confirmar;"";que;que;desconocido;;;;41;18;
26;201;f;18;que;ecuatoriano;201;20;desconocido;;;;41;9;
27;ecuatorianos;f;19;"";ya;nos;ec;desconocido;;;;41;19;
28;ya;f;20;ecuatoriano;lograr;ya;ya;desconocido;;;;41;20;
29;lograron;f;21;ya;salir;ron;log;desconocido;;;;41;21;
30;salir;f;22;lograr;de;lir;sa;desconocido;;;;41;22;
31;de;f;23;salir;"";de;de;desconocido;;;;41;11;
32;Ucrania;t;24;de;y;nia;uc;desconocido;;;;41;23;
33;y;f;25;"";llegar;y;y;desconocido;;;;41;24;
34;llegaron;f;26;y;a;ron;lle;desconocido;;;;41;25;
35;a;f;27;llegar;"";a;a;desconocido;;;;41;26;
36;Polonia;t;28;a;.;nia;po;desconocido;;;;41;27;
37;.;f;29;"";"";.;.;desconocido;;;;41;6;
38;Desde;t;30;.;el;de;des;desconocido;;;;41;28;
39;el;f;31;"";sábado;el;el;desconocido;;;;41;8;
41;pasado;f;33;sábado;,;do;pa;desconocido;;;;41;30;
42;,;f;34;pasado;mucho;,;,;desconocido;;;;41;15;
43;muchos;f;35;,;de;hos;muc;desconocido;;;;41;31;
44;de;f;36;mucho;el;de;de;desconocido;;;;41;11;
45;los;f;37;de;compatriota;los;los;desconocido;;;;41;8;
46;compatriotas;f;38;el;tratar;tas;com;desconocido;;;;41;32;
47;trataron;f;39;compatriota;de;ron;tra;desconocido;;;;41;33;
48;de;f;40;tratar;"";de;de;desconocido;;;;41;11;
49;contactarse;f;41;de;a;se;con;desconocido;;;;41;9;
50;a;f;42;"";través;a;a;desconocido;;;;41;26;
51;través;f;43;a;de;vés;tra;desconocido;;;;41;34;
52;de;f;44;través;"";de;de;desconocido;;;;41;11;
53;WhatsApp;t;45;de;para;sapp;wha;desconocido;;;;41;9;
54;para;f;46;"";formar;ra;pa;desconocido;;;;41;35;
55;formar;f;47;para;grupo;mar;for;desconocido;;;;41;36;
56;grupos;f;48;formar;con;pos;gru;desconocido;;;;41;37;
57;con;f;49;grupo;el;con;con;desconocido;;;;41;38;
58;el;f;50;con;fin;el;el;desconocido;;;;41;8;
59;fin;f;51;el;de;fin;fin;desconocido;;;;41;39;
60;de;f;52;fin;cruzar;de;de;desconocido;;;;41;11;
61;cruzar;f;53;de;así;zar;cru;desconocido;;;;41;40;
62;así;f;54;cruzar;el;sí;as;desconocido;;;;41;41;
64;frontera;f;56;el;.;ra;fro;desconocido;;;;41;42;
65;.;f;57;frontera;"";.;.;desconocido;;;;41;6;
66;Sin;t;58;.;embargo;sin;sin;desconocido;;;;41;43;
67;embargo;f;59;"";,;go;em;desconocido;;;;41;44;
68;,;f;60;embargo;aún;,;,;desconocido;;;;41;15;
69;aún;f;61;,;yo;aún;aú;desconocido;;;;41;45;
70;nos;f;62;aún;mucho;nos;nos;desconocido;;;;41;46;
71;muchos;f;63;yo;el;hos;muc;desconocido;;;;41;31;
72;los;f;64;mucho;compatriota;los;los;desconocido;;;;41;8;
73;compatriotas;f;65;el;que;tas;com;desconocido;;;;41;32;
74;que;f;66;compatriota;seguir;que;que;desconocido;;;;41;18;
75;siguen;f;67;que;en;guen;si;desconocido;;;;41;47;
76;en;f;68;seguir;diferente;en;en;desconocido;;;;41;48;
77;diferentes;f;69;en;localidad;tes;di;desconocido;;;;41;49;
78;localidades;f;70;diferente;como;des;lo;desconocido;;;;41;50;
79;como;f;71;localidad;"";mo;co;desconocido;;;;41;51;
80;Rava;t;72;como;"";va;ra;desconocido;;;;41;9;
81;–;f;73;"";"";–;–;desconocido;;;;41;9;
82;Ruska;t;74;"";y;ka;rus;desconocido;;;;41;9;
83;y;f;75;"";"";y;y;desconocido;;;;41;24;
84;Shehyri;t;76;y;en;yri;she;desconocido;;;;41;9;
85;en;f;77;"";pleno;en;en;desconocido;;;;41;48;
87;frontera;f;79;pleno;con;ra;fro;desconocido;;;;41;42;
88;con;f;80;frontera;"";con;con;desconocido;;;;41;38;
89;Polonia;t;81;con;.;nia;po;desconocido;;;;41;27;
90;.;f;82;"";"";.;.;desconocido;;;;41;6;
91;Desde;t;83;.;ese;de;des;desconocido;;;;41;28;
8;Hasta;t;0;"";el;ta;has;desconocido;;;;41;7;
3;quieres;f;1;"";ir;re;quie;desconocido;;;;33;2;
93;país;f;85;ese;,;país;país;desconocido;;;;41;54;
94;,;f;86;país;el;,;,;desconocido;;;;41;15;
95;la;f;87;,;"";la;la;desconocido;;;;41;8;
96;Cancillería;t;88;el;disponer;ría;can;desconocido;;;;41;16;
97;dispuso;f;89;"";de;so;dis;desconocido;;;;41;55;
98;de;f;90;disponer;uno;de;de;desconocido;;;;41;11;
99;un;f;91;de;vuelo;un;un;desconocido;;;;41;56;
100;vuelo;f;92;uno;humanitario;lo;vue;desconocido;;;;41;57;
101;humanitario;f;93;vuelo;que;rio;hu;desconocido;;;;41;58;
102;que;f;94;humanitario;espera;que;que;desconocido;;;;41;18;
103;espera;f;95;que;despegar;ra;es;desconocido;;;;41;59;
104;despegar;f;96;espera;hasta;gar;des;desconocido;;;;41;60;
105;hasta;f;97;despegar;el;ta;has;desconocido;;;;41;7;
106;el;f;98;hasta;martes;el;el;desconocido;;;;41;8;
107;martes;f;99;el;"";tes;mar;desconocido;;;;41;61;
108;1;f;100;martes;de;1;1;desconocido;;;;41;9;
109;de;f;101;"";marzo;de;de;desconocido;;;;41;11;
110;marzo;f;102;de;del;zo;mar;desconocido;;;;41;62;
111;del;f;103;marzo;"";del;del;desconocido;;;;41;63;
112;2022;f;104;del;cuando;022;20;desconocido;;;;41;9;
113;cuando;f;105;"";él;do;cuan;desconocido;;;;41;64;
114;se;f;106;cuando;"";se;se;desconocido;;;;41;65;
115;llene;f;107;él;el;ne;lle;desconocido;;;;41;9;
116;la;f;108;"";capacidad;la;la;desconocido;;;;41;8;
117;capacidad;f;109;el;de;dad;ca;desconocido;;;;41;66;
118;de;f;110;capacidad;"";de;de;desconocido;;;;41;11;
119;350;f;111;de;pasajero;350;35;desconocido;;;;41;9;
120;pasajeros;f;112;"";.;ros;pa;desconocido;;;;41;67;
121;.;f;113;pasajero;"";.;.;desconocido;;;;41;6;
122;Muchos;t;114;.;estudiante;hos;muc;desconocido;;;;41;31;
123;estudiantes;f;115;"";aún;tes;es;desconocido;;;;41;68;
124;aún;f;116;estudiante;no;aún;aú;desconocido;;;;41;45;
125;no;f;117;aún;llegar;no;no;desconocido;;;;41;69;
126;llegan;f;118;no;ni;gan;lle;desconocido;;;;41;25;
127;ni;f;119;llegar;a;ni;ni;desconocido;;;;41;70;
128;a;f;120;ni;"";a;a;desconocido;;;;41;26;
129;Kiev;t;121;a;,;kiev;kiev;desconocido;;;;41;9;
130;,;f;122;"";el;,;,;desconocido;;;;41;15;
131;la;f;123;,;capital;la;la;desconocido;;;;41;8;
132;capital;f;124;el;"";tal;ca;desconocido;;;;41;71;
133;ucraniana;f;125;capital;,;na;uc;desconocido;;;;41;9;
134;,;f;126;"";desde;,;,;desconocido;;;;41;15;
135;desde;f;127;,;donde;de;des;desconocido;;;;41;28;
136;donde;f;128;desde;ya;de;don;desconocido;;;;41;72;
137;ya;f;129;donde;salir;ya;ya;desconocido;;;;41;20;
138;salieron;f;130;ya;alguno;ron;sa;desconocido;;;;41;22;
139;algunos;f;131;salir;en;nos;al;desconocido;;;;41;73;
140;en;f;132;alguno;tren;en;en;desconocido;;;;41;48;
141;trenes;f;133;en;,;nes;tre;desconocido;;;;41;74;
142;,;f;134;tren;bus;,;,;desconocido;;;;41;15;
143;buses;f;135;,;y;ses;bu;desconocido;;;;41;75;
144;y;f;136;bus;taxi;y;y;desconocido;;;;41;24;
145;taxis;f;137;y;desde;xis;ta;desconocido;;;;41;76;
146;desde;f;138;taxi;el;de;des;desconocido;;;;41;28;
147;el;f;139;desde;viernes;el;el;desconocido;;;;41;8;
148;viernes;f;140;el;pasado;nes;vier;desconocido;;;;41;77;
149;pasado;f;141;viernes;.;do;pa;desconocido;;;;41;30;
150;.;f;142;pasado;"";.;.;desconocido;;;;41;6;
151;Es;t;143;.;el;es;es;desconocido;;;;41;78;
152;el;f;144;"";caso;el;el;desconocido;;;;41;8;
153;caso;f;145;el;de;so;ca;desconocido;;;;41;79;
154;de;f;146;caso;"";de;de;desconocido;;;;41;11;
155;Diego;t;147;de;"";go;die;desconocido;;;;41;80;
156;Moncayo;t;148;"";,;yo;mon;desconocido;;;;41;9;
157;,;f;149;"";que;,;,;desconocido;;;;41;15;
158;que;f;150;,;él;que;que;desconocido;;;;41;18;
159;se;f;151;que;encontrar;se;se;desconocido;;;;41;65;
160;encuentra;f;152;él;en;tra;en;desconocido;;;;41;81;
161;en;f;153;encontrar;el;en;en;desconocido;;;;41;48;
162;la;f;154;en;frontera;la;la;desconocido;;;;41;8;
163;frontera;f;155;el;de;ra;fro;desconocido;;;;41;42;
164;de;f;156;frontera;"";de;de;desconocido;;;;41;11;
165;Ucrania;t;157;de;con;nia;uc;desconocido;;;;41;23;
166;con;f;158;"";"";con;con;desconocido;;;;41;38;
167;Rusia;t;159;con;.;sia;ru;desconocido;;;;41;82;
168;.;f;160;rusia;"";.;.;desconocido;;;;41;6;
40;sábado;f;32;el;pasado;do;sá;desconocido;;;;41;29;
63;la;f;55;así;frontera;la;la;desconocido;;;;41;8;
86;plena;f;78;en;frontera;na;ple;desconocido;;;;41;52;
15;domingo;f;7;este;"";go;do;desconocido;;;;41;13;
92;ese;f;84;"";país;se;es;desconocido;;;;41;53;
171;Comisión;t;1;"";de;sión;co;desconocido;;;;42;83;
172;de;f;2;"";"";de;de;desconocido;;;;42;11;
173;Tránsito;t;3;de;del;to;trá;desconocido;;;;42;84;
175;Ecuador;t;5;del;(;dor;ec;desconocido;;;;42;85;
176;(;f;6;"";"";(;(;desconocido;;;;42;86;
177;CTE;t;7;(;);te;cte;desconocido;;;;42;9;
178;);f;8;"";informar;););desconocido;;;;42;87;
179;informó;f;9;);de;mó;in;desconocido;;;;42;88;
180;de;f;10;informar;uno;de;de;desconocido;;;;42;11;
181;un;f;11;de;deslizamiento;un;un;desconocido;;;;42;56;
182;deslizamiento;f;12;uno;de;to;des;desconocido;;;;42;89;
183;de;f;13;deslizamiento;uno;de;de;desconocido;;;;42;11;
184;una;f;14;de;parte;na;un;desconocido;;;;42;56;
185;parte;f;15;uno;de;te;par;desconocido;;;;42;90;
186;de;f;16;parte;el;de;de;desconocido;;;;42;11;
187;la;f;17;de;calzada;la;la;desconocido;;;;42;8;
188;calzada;f;18;el;en;da;cal;desconocido;;;;42;91;
189;en;f;19;calzada;el;en;en;desconocido;;;;42;48;
190;el;f;20;en;kilómetro;el;el;desconocido;;;;42;8;
192;38;f;22;kilómetro;de;38;38;desconocido;;;;42;9;
193;de;f;23;"";el;de;de;desconocido;;;;42;11;
194;la;f;24;de;vía;la;la;desconocido;;;;42;8;
195;vía;f;25;el;"";vía;vía;desconocido;;;;42;93;
196;Alóag;t;26;vía;"";lóag;al;desconocido;;;;42;9;
197;–;f;27;"";"";–;–;desconocido;;;;42;9;
198;Santo;t;28;"";"";to;san;desconocido;;;;42;94;
199;Domingo;t;29;"";,;go;do;desconocido;;;;42;13;
200;,;f;30;"";el;,;,;desconocido;;;;42;15;
201;la;f;31;,;mañana;la;la;desconocido;;;;42;8;
202;mañana;f;32;el;de;na;ma;desconocido;;;;42;95;
203;de;f;33;mañana;este;de;de;desconocido;;;;42;11;
204;este;f;34;de;domingo;te;es;desconocido;;;;42;12;
205;domingo;f;35;este;"";go;do;desconocido;;;;42;13;
206;27;f;36;domingo;de;27;27;desconocido;;;;42;9;
207;de;f;37;"";febrero;de;de;desconocido;;;;42;11;
208;febrero;f;38;de;del;ro;feb;desconocido;;;;42;14;
209;del;f;39;febrero;"";del;del;desconocido;;;;42;63;
210;2022;f;40;del;.;022;20;desconocido;;;;42;9;
211;.;f;41;"";"";.;.;desconocido;;;;42;6;
212;La;t;42;.;arteria;la;la;desconocido;;;;42;8;
213;arteria;f;43;"";vial;ria;ar;desconocido;;;;42;96;
215;está;f;45;vial;habilitado;tá;es;desconocido;;;;42;98;
216;habilitada;f;46;estar;parcialmente;da;ha;desconocido;;;;42;99;
217;parcialmente;f;47;habilitado;.;te;par;desconocido;;;;42;100;
218;.;f;48;parcialmente;"";.;.;desconocido;;;;42;6;
219;En;t;49;.;imagen;en;en;desconocido;;;;42;48;
220;imágenes;f;50;"";difundido;nes;im;desconocido;;;;42;101;
221;difundidas;f;51;imagen;en;das;di;desconocido;;;;42;102;
222;en;f;52;difundido;red;en;en;desconocido;;;;42;48;
223;redes;f;53;en;social;des;re;desconocido;;;;42;103;
224;sociales;f;54;red;él;les;so;desconocido;;;;42;104;
225;se;f;55;social;observar;se;se;desconocido;;;;42;65;
226;observa;f;56;él;que;va;ob;desconocido;;;;42;105;
227;que;f;57;observar;uno;que;que;desconocido;;;;42;18;
228;uno;f;58;que;de;no;un;desconocido;;;;42;56;
229;de;f;59;uno;el;de;de;desconocido;;;;42;11;
230;los;f;60;de;carril;los;los;desconocido;;;;42;8;
231;carriles;f;61;el;de;les;car;desconocido;;;;42;106;
232;de;f;62;carril;el;de;de;desconocido;;;;42;11;
233;la;f;63;de;vía;la;la;desconocido;;;;42;8;
234;vía;f;64;el;"";vía;vía;desconocido;;;;42;93;
235;desapareció;f;65;vía;en;ció;de;desconocido;;;;42;9;
236;en;f;66;"";ese;en;en;desconocido;;;;42;48;
237;ese;f;67;en;sitio;se;es;desconocido;;;;42;53;
238;sitio;f;68;ese;.;tio;si;desconocido;;;;42;107;
239;.;f;69;sitio;"";.;.;desconocido;;;;42;6;
241;información;f;71;"";del;ción;in;desconocido;;;;42;109;
242;del;f;72;información;"";del;del;desconocido;;;;42;63;
243;ECU;t;73;del;-;cu;ec;desconocido;;;;42;9;
244;-;f;74;"";"";-;-;desconocido;;;;42;110;
245;911;f;75;-;,;911;91;desconocido;;;;42;9;
246;,;f;76;"";personal;,;,;desconocido;;;;42;15;
247;personal;f;77;,;de;nal;per;desconocido;;;;42;111;
248;de;f;78;personal;el;de;de;desconocido;;;;42;11;
249;la;f;79;de;"";la;la;desconocido;;;;42;8;
250;CTE;t;80;el;y;te;cte;desconocido;;;;42;9;
251;y;f;81;"";de;y;y;desconocido;;;;42;24;
252;de;f;82;y;el;de;de;desconocido;;;;42;11;
253;la;f;83;de;"";la;la;desconocido;;;;42;8;
254;Prefectura;t;84;el;de;ra;pre;desconocido;;;;42;9;
255;de;f;85;"";"";de;de;desconocido;;;;42;11;
256;Pichincha;t;86;de;él;cha;pic;desconocido;;;;42;9;
257;se;f;87;"";encontrar;se;se;desconocido;;;;42;65;
258;encuentran;f;88;él;en;ran;en;desconocido;;;;42;81;
259;en;f;89;encontrar;el;en;en;desconocido;;;;42;48;
260;el;f;90;en;lugar;el;el;desconocido;;;;42;8;
261;lugar;f;91;el;atender;gar;lu;desconocido;;;;42;112;
262;atendiendo;f;92;lugar;el;do;at;desconocido;;;;42;113;
170;La;t;0;"";comisión;la;la;desconocido;;;;42;8;
174;del;f;4;"";"";del;del;desconocido;;;;42;63;
191;kilómetro;f;21;el;"";tro;ki;desconocido;;;;42;92;
214;vial;f;44;arteria;estar;vial;vial;desconocido;;;;42;97;
240;Según;t;70;.;información;gún;se;desconocido;;;;42;108;
263;la;f;93;atender;emergencia;la;la;desconocido;;;;42;8;
264;emergencia;f;94;el;.;cia;em;desconocido;;;;42;114;
265;.;f;95;emergencia;"";.;.;desconocido;;;;42;6;
266;La;t;0;"";"";la;la;desconocido;;;;43;8;
267;Septuagésima;t;1;"";"";ma;sep;desconocido;;;;43;9;
268;Primera;t;2;"";"";ra;pri;desconocido;;;;43;115;
269;Fiesta;t;3;"";de;ta;fies;desconocido;;;;43;116;
270;de;f;4;"";el;de;de;desconocido;;;;43;11;
271;la;f;5;de;"";la;la;desconocido;;;;43;8;
272;Fruta;t;6;el;y;ta;fru;desconocido;;;;43;117;
273;y;f;7;"";de;y;y;desconocido;;;;43;24;
274;de;f;8;y;el;de;de;desconocido;;;;43;11;
275;las;f;9;de;"";las;las;desconocido;;;;43;8;
276;Flores;t;10;el;(;res;flo;desconocido;;;;43;118;
277;(;f;11;"";"";(;(;desconocido;;;;43;86;
278;FFF;t;12;(;"";fff;ff;desconocido;;;;43;9;
279;),;f;13;"";en;),;),;desconocido;;;;43;9;
280;en;f;14;"";"";en;en;desconocido;;;;43;48;
281;Ambato;t;15;en;,;to;am;desconocido;;;;43;119;
282;,;f;16;"";llegar;,;,;desconocido;;;;43;15;
283;llegó;f;17;,;a;gó;lle;desconocido;;;;43;25;
284;a;f;18;llegar;su;a;a;desconocido;;;;43;26;
285;su;f;19;a;punto;su;su;desconocido;;;;43;120;
286;punto;f;20;su;más;to;pun;desconocido;;;;43;121;
287;más;f;21;punto;alto;más;más;desconocido;;;;43;122;
288;alto;f;22;más;con;to;al;desconocido;;;;43;123;
289;con;f;23;alto;el;con;con;desconocido;;;;43;38;
290;la;f;24;con;realización;la;la;desconocido;;;;43;8;
291;realización;f;25;el;de;ción;rea;desconocido;;;;43;124;
292;de;f;26;realización;el;de;de;desconocido;;;;43;11;
293;los;f;27;de;desfile;los;los;desconocido;;;;43;8;
294;desfiles;f;28;el;"";les;des;desconocido;;;;43;125;
295;itinerantes;f;29;desfile;que;tes;it;desconocido;;;;43;9;
296;que;f;30;"";él;que;que;desconocido;;;;43;18;
297;se;f;31;que;"";se;se;desconocido;;;;43;65;
298;desarrollaron;f;32;él;en;ron;de;desconocido;;;;43;9;
299;en;f;33;"";cuatro;en;en;desconocido;;;;43;48;
300;cuatro;f;34;en;circuito;tro;cuat;desconocido;;;;43;126;
301;circuitos;f;35;cuatro;de;tos;cir;desconocido;;;;43;127;
302;de;f;36;circuito;el;de;de;desconocido;;;;43;11;
303;la;f;37;de;ciudad;la;la;desconocido;;;;43;8;
304;ciudad;f;38;el;este;dad;ciu;desconocido;;;;43;128;
305;este;f;39;ciudad;domingo;te;es;desconocido;;;;43;12;
306;domingo;f;40;este;"";go;do;desconocido;;;;43;13;
307;27;f;41;domingo;de;27;27;desconocido;;;;43;9;
308;de;f;42;"";febrero;de;de;desconocido;;;;43;11;
309;febrero;f;43;de;del;ro;feb;desconocido;;;;43;14;
310;del;f;44;febrero;"";del;del;desconocido;;;;43;63;
311;2022;f;45;del;.;022;20;desconocido;;;;43;9;
312;.;f;46;"";"";.;.;desconocido;;;;43;6;
313;Mientras;t;47;.;que;ras;mien;desconocido;;;;43;129;
314;que;f;48;"";"";que;que;desconocido;;;;43;18;
315;Guaranda;t;49;que;vivir;da;gua;desconocido;;;;43;9;
316;vivió;f;50;"";el;vió;vi;desconocido;;;;43;130;
317;las;f;51;vivir;"";las;las;desconocido;;;;43;8;
318;comparsas;f;52;el;de;sas;com;desconocido;;;;43;9;
319;de;f;53;"";el;de;de;desconocido;;;;43;11;
320;la;f;54;de;"";la;la;desconocido;;;;43;8;
321;Confraternidad;t;55;el;"";dad;con;desconocido;;;;43;9;
322;Carnavalera;t;56;"";por;ra;car;desconocido;;;;43;9;
323;por;f;57;"";el;por;por;desconocido;;;;43;131;
324;las;f;58;por;calle;las;las;desconocido;;;;43;8;
325;calles;f;59;el;de;les;cal;desconocido;;;;43;132;
326;de;f;60;calle;el;de;de;desconocido;;;;43;11;
327;la;f;61;de;capital;la;la;desconocido;;;;43;8;
328;capital;f;62;el;de;tal;ca;desconocido;;;;43;71;
329;de;f;63;capital;"";de;de;desconocido;;;;43;11;
330;Bolívar;t;64;de;.;var;bo;desconocido;;;;43;133;
331;.;f;65;"";"";.;.;desconocido;;;;43;6;
332;En;t;66;.;"";en;en;desconocido;;;;43;48;
333;Ambato;t;67;"";el;to;am;desconocido;;;;43;119;
334;el;f;68;"";desfile;el;el;desconocido;;;;43;8;
335;desfile;f;69;el;de;le;des;desconocido;;;;43;125;
336;de;f;70;desfile;el;de;de;desconocido;;;;43;11;
337;la;f;71;de;"";la;la;desconocido;;;;43;8;
338;Fiesta;t;72;el;de;ta;fies;desconocido;;;;43;116;
339;de;f;73;"";el;de;de;desconocido;;;;43;11;
340;la;f;74;de;"";la;la;desconocido;;;;43;8;
341;Fruta;t;75;el;él;ta;fru;desconocido;;;;43;117;
342;se;f;76;"";dividir;se;se;desconocido;;;;43;65;
343;dividió;f;77;él;en;dió;di;desconocido;;;;43;134;
344;en;f;78;dividir;cuatro;en;en;desconocido;;;;43;48;
345;cuatro;f;79;en;circuito;tro;cuat;desconocido;;;;43;126;
346;circuitos;f;80;cuatro;para;tos;cir;desconocido;;;;43;127;
347;para;f;81;circuito;evitar;ra;pa;desconocido;;;;43;35;
348;evitar;f;82;para;el;tar;ev;desconocido;;;;43;135;
349;las;f;83;evitar;"";las;las;desconocido;;;;43;8;
350;aglomeraciones;f;84;el;de;nes;ag;desconocido;;;;43;9;
351;de;f;85;"";el;de;de;desconocido;;;;43;11;
352;los;f;86;de;ciento;los;los;desconocido;;;;43;8;
353;cientos;f;87;el;de;tos;cien;desconocido;;;;43;136;
354;de;f;88;ciento;turista;de;de;desconocido;;;;43;11;
355;turistas;f;89;de;nacional;tas;tu;desconocido;;;;43;137;
356;nacionales;f;90;turista;que;les;na;desconocido;;;;43;138;
357;que;f;91;nacional;llegar;que;que;desconocido;;;;43;18;
358;llegaron;f;92;que;a;ron;lle;desconocido;;;;43;25;
359;a;f;93;llegar;el;a;a;desconocido;;;;43;26;
360;la;f;94;a;capital;la;la;desconocido;;;;43;8;
361;capital;f;95;el;del;tal;ca;desconocido;;;;43;71;
362;del;f;96;capital;"";del;del;desconocido;;;;43;63;
363;Tungurahua;t;97;del;.;hua;tun;desconocido;;;;43;9;
364;.;f;98;"";"";.;.;desconocido;;;;43;6;
365;Ellos;t;99;.;él;los;el;desconocido;;;;43;65;
366;se;f;100;"";"";se;se;desconocido;;;;43;65;
367;apostaron;f;101;él;a;ron;ap;desconocido;;;;43;9;
368;a;f;102;"";el;a;a;desconocido;;;;43;26;
369;los;f;103;a;"";los;los;desconocido;;;;43;8;
370;costados;f;104;el;de;dos;cos;desconocido;;;;43;9;
371;de;f;105;"";el;de;de;desconocido;;;;43;11;
372;las;f;106;de;"";las;las;desconocido;;;;43;8;
373;avenidas;f;107;el;"";das;av;desconocido;;;;43;9;
374;Los;t;108;"";"";los;los;desconocido;;;;43;8;
375;Chasquis;t;109;"";,;quis;cha;desconocido;;;;43;9;
376;,;f;110;"";"";,;,;desconocido;;;;43;15;
377;Bolivariana;t;111;,;,;na;bo;desconocido;;;;43;9;
378;,;f;112;"";"";,;,;desconocido;;;;43;15;
379;Los;t;113;,;"";los;los;desconocido;;;;43;8;
380;Guaytambos;t;114;"";,;bos;guay;desconocido;;;;43;9;
381;,;f;115;"";"";,;,;desconocido;;;;43;15;
382;Víctor;t;116;,;"";tor;víc;desconocido;;;;43;139;
383;Hugo;t;117;"";,;go;hu;desconocido;;;;43;140;
384;,;f;118;"";"";,;,;desconocido;;;;43;15;
385;Manuelita;t;119;,;"";ta;ma;desconocido;;;;43;9;
386;Sáenz;t;120;"";por;áenz;sáen;desconocido;;;;43;141;
387;por;f;121;"";donde;por;por;desconocido;;;;43;131;
388;donde;f;122;por;desfilar;de;don;desconocido;;;;43;72;
389;desfilaron;f;123;donde;el;ron;des;desconocido;;;;43;142;
390;los;f;124;desfilar;grupo;los;los;desconocido;;;;43;8;
391;grupos;f;125;el;de;pos;gru;desconocido;;;;43;37;
392;de;f;126;grupo;danza;de;de;desconocido;;;;43;11;
393;danza;f;127;de;,;za;dan;desconocido;;;;43;143;
394;,;f;128;danza;"";,;,;desconocido;;;;43;15;
395;comparsas;f;129;,;,;sas;com;desconocido;;;;43;9;
396;,;f;130;"";música;,;,;desconocido;;;;43;15;
397;música;f;131;,;y;ca;mú;desconocido;;;;43;144;
398;y;f;132;música;de;y;y;desconocido;;;;43;24;
399;de;f;133;y;carro;de;de;desconocido;;;;43;11;
400;carros;f;134;de;"";ros;car;desconocido;;;;43;145;
401;alegóricos;f;135;carro;"";cos;al;desconocido;;;;43;9;
402;adornados;f;136;"";con;dos;ad;desconocido;;;;43;9;
403;con;f;137;"";fruta;con;con;desconocido;;;;43;38;
404;frutas;f;138;con;,;tas;fru;desconocido;;;;43;117;
405;,;f;139;fruta;flores;,;,;desconocido;;;;43;15;
406;flores;f;140;,;y;res;flo;desconocido;;;;43;118;
407;y;f;141;flores;pan;y;y;desconocido;;;;43;24;
408;pan;f;142;y;.;pan;pan;desconocido;;;;43;146;
409;.;f;143;pan;"";.;.;desconocido;;;;43;6;
411;conflictos;f;1;"";en;tos;con;desconocido;;;;44;147;
412;en;f;2;conflicto;el;en;en;desconocido;;;;44;48;
413;la;f;3;en;"";la;la;desconocido;;;;44;8;
414;Asamblea;t;4;el;continuar;lea;as;desconocido;;;;44;148;
415;continuarán;f;5;"";tras;rán;con;desconocido;;;;44;149;
417;el;f;7;tras;feriado;el;el;desconocido;;;;44;8;
418;feriado;f;8;el;de;do;fe;desconocido;;;;44;151;
419;de;f;9;feriado;"";de;de;desconocido;;;;44;11;
420;Carnaval;t;10;de;.;val;car;desconocido;;;;44;152;
421;.;f;11;"";"";.;.;desconocido;;;;44;6;
422;El;t;12;.;objetivo;el;el;desconocido;;;;44;8;
423;objetivo;f;13;"";principal;vo;ob;desconocido;;;;44;153;
424;principal;f;14;objetivo;ser;pal;pri;desconocido;;;;44;154;
425;es;f;15;principal;controlar;es;es;desconocido;;;;44;78;
426;controlar;f;16;ser;el;lar;con;desconocido;;;;44;155;
427;el;f;17;controlar;poder;el;el;desconocido;;;;44;8;
428;poder;f;18;el;"";der;po;desconocido;;;;44;156;
429;Legislativo;t;19;poder;,;vo;le;desconocido;;;;44;157;
430;,;f;20;"";el;,;,;desconocido;;;;44;15;
431;el;f;21;,;"";el;el;desconocido;;;;44;8;
432;Consejo;t;22;el;de;jo;con;desconocido;;;;44;158;
433;de;f;23;"";"";de;de;desconocido;;;;44;11;
434;Participación;t;24;de;"";ción;par;desconocido;;;;44;159;
435;Ciudadana;t;25;"";y;na;ciu;desconocido;;;;44;160;
436;y;f;26;"";"";y;y;desconocido;;;;44;24;
437;Control;t;27;y;"";rol;con;desconocido;;;;44;161;
439;(;f;29;"";"";(;(;desconocido;;;;44;86;
440;Cpccs;t;30;(;);ccs;cp;desconocido;;;;44;9;
441;);f;31;"";y;););desconocido;;;;44;87;
442;y;f;32;);así;y;y;adjetivo;1;;;44;24;
443;así;f;33;y;influir;sí;as;desconocido;;;;44;41;
444;influir;f;34;así;en;luir;in;desconocido;;;;44;162;
445;en;f;35;influir;el;en;en;desconocido;;;;44;48;
446;la;f;36;en;designación;la;la;desconocido;;;;44;8;
447;designación;f;37;el;de;ción;de;desconocido;;;;44;163;
448;de;f;38;designación;autoridad;de;de;desconocido;;;;44;11;
449;autoridades;f;39;de;de;des;au;desconocido;;;;44;164;
450;de;f;40;autoridad;control;de;de;desconocido;;;;44;11;
451;control;f;41;de;,;rol;con;desconocido;;;;44;161;
452;,;f;42;control;según;,;,;desconocido;;;;44;15;
454;expertos;f;44;según;.;tos;ex;desconocido;;;;44;165;
455;.;f;45;experto;"";.;.;desconocido;;;;44;6;
456;La;t;46;.;"";la;la;desconocido;;;;44;8;
457;Asamblea;t;47;"";tener;lea;as;desconocido;;;;44;148;
458;tiene;f;48;"";varios;ne;tie;desconocido;;;;44;166;
459;varios;f;49;tener;proyecto;rios;va;desconocido;;;;44;167;
460;proyectos;f;50;varios;de;tos;pro;desconocido;;;;44;168;
461;de;f;51;proyecto;ley;de;de;desconocido;;;;44;11;
462;ley;f;52;de;relevante;ley;ley;desconocido;;;;44;169;
463;relevantes;f;53;ley;por;tes;re;desconocido;;;;44;170;
464;por;f;54;relevante;evacuar;por;por;desconocido;;;;44;131;
465;evacuar;f;55;por;";";cuar;ev;desconocido;;;;44;171;
466;";";f;56;evacuar;por;";";";";desconocido;;;;44;172;
467;por;f;57;";";ejemplo;por;por;desconocido;;;;44;131;
468;ejemplo;f;58;por;,;plo;ej;desconocido;;;;44;173;
469;,;f;59;ejemplo;el;,;,;desconocido;;;;44;15;
470;el;f;60;,;de;el;el;desconocido;;;;44;8;
471;de;f;61;el;el;de;de;desconocido;;;;44;11;
472;la;f;62;de;"";la;la;desconocido;;;;44;8;
473;Ley;t;63;el;del;ley;ley;desconocido;;;;44;169;
474;del;f;64;"";"";del;del;desconocido;;;;44;63;
475;Uso;t;65;del;"";so;us;desconocido;;;;44;174;
477;de;f;67;"";el;de;de;desconocido;;;;44;11;
478;la;f;68;de;"";la;la;desconocido;;;;44;8;
479;Fuerza;t;69;el;,;za;fuer;desconocido;;;;44;176;
480;,;f;70;"";el;,;,;desconocido;;;;44;15;
481;la;f;71;,;"";la;la;desconocido;;;;44;8;
482;Ley;t;72;el;de;ley;ley;desconocido;;;;44;169;
483;de;f;73;"";"";de;de;desconocido;;;;44;11;
484;Inversiones;t;74;de;,;nes;in;desconocido;;;;44;177;
485;,;f;75;"";que;,;,;desconocido;;;;44;15;
486;que;f;76;,;tener;que;que;desconocido;;;;44;18;
487;tienen;f;77;que;carácter;nen;tie;desconocido;;;;44;166;
488;carácter;f;78;tener;de;ter;ca;desconocido;;;;44;178;
489;de;f;79;carácter;urgente;de;de;desconocido;;;;44;11;
490;urgente;f;80;de;.;te;ur;desconocido;;;;44;179;
491;.;f;81;urgente;"";.;.;desconocido;;;;44;6;
492;En;t;82;.;el;en;en;desconocido;;;;44;48;
493;los;f;83;"";próximo;los;los;desconocido;;;;44;8;
494;próximos;f;84;el;día;mos;pró;desconocido;;;;44;180;
495;días;f;85;próximo;,;días;días;desconocido;;;;44;181;
496;,;f;86;día;el;,;,;desconocido;;;;44;15;
497;la;f;87;,;último;la;la;desconocido;;;;44;8;
499;propuesta;f;89;último;deber;ta;pro;desconocido;;;;44;183;
500;debe;f;90;propuesta;ser;be;de;desconocido;;;;44;184;
501;ser;f;91;deber;analizar;ser;ser;desconocido;;;;44;78;
502;analizada;f;92;ser;por;da;an;desconocido;;;;44;185;
503;por;f;93;analizar;el;por;por;desconocido;;;;44;131;
504;el;f;94;por;"";el;el;desconocido;;;;44;8;
505;Consejo;t;95;el;de;jo;con;desconocido;;;;44;158;
506;de;f;96;"";"";de;de;desconocido;;;;44;11;
507;Administración;t;97;de;"";ción;ad;desconocido;;;;44;186;
508;Legislativa;t;98;"";(;va;le;desconocido;;;;44;187;
509;(;f;99;"";"";(;(;desconocido;;;;44;86;
510;CAL;t;100;(;"";cal;cal;desconocido;;;;44;188;
511;).;f;101;"";"";).;).;desconocido;;;;44;9;
512;A;t;102;"";este;a;a;desconocido;;;;44;26;
513;esto;f;103;"";él;to;es;desconocido;;;;44;12;
514;se;f;104;este;suma;se;se;desconocido;;;;44;65;
515;suma;f;105;él;que;ma;su;desconocido;;;;44;189;
516;que;f;106;suma;el;que;que;desconocido;;;;44;18;
517;el;f;107;que;presidente;el;el;desconocido;;;;44;8;
518;presidente;f;108;el;"";te;pre;desconocido;;;;44;190;
519;Guillermo;t;109;presidente;"";mo;guil;desconocido;;;;44;191;
520;Lasso;t;110;"";anunciar;so;las;desconocido;;;;44;9;
521;anunció;f;111;"";que;ció;an;desconocido;;;;44;192;
523;luego;f;113;que;de;go;lue;desconocido;;;;44;193;
524;de;f;114;luego;este;de;de;desconocido;;;;44;11;
525;este;f;115;de;feriado;te;es;desconocido;;;;44;12;
526;feriado;f;116;este;"";do;fe;desconocido;;;;44;151;
527;presentaría;f;117;feriado;a;ría;pre;desconocido;;;;44;9;
529;la;f;119;a;sociedad;la;la;desconocido;;;;44;8;
530;sociedad;f;120;el;su;dad;so;desconocido;;;;44;194;
532;proyecto;f;122;su;de;to;pro;desconocido;;;;44;168;
533;de;f;123;proyecto;reforma;de;de;desconocido;;;;44;11;
534;reformas;f;124;de;laboral;mas;re;desconocido;;;;44;195;
535;laborales;f;125;reforma;,;les;la;desconocido;;;;44;196;
536;,;f;126;laboral;el;,;,;desconocido;;;;44;15;
537;el;f;127;,;cual;el;el;desconocido;;;;44;8;
538;cual;f;128;el;después;cual;cual;desconocido;;;;44;197;
539;después;f;129;cual;llegar;pués;des;desconocido;;;;44;198;
540;llegará;f;130;después;a;rá;lle;desconocido;;;;44;25;
541;a;f;131;llegar;el;a;a;desconocido;;;;44;26;
542;la;f;132;a;"";la;la;desconocido;;;;44;8;
543;Asamblea;t;133;el;"";lea;as;desconocido;;;;44;148;
544;Nacional;t;134;"";.;nal;na;desconocido;;;;44;138;
545;.;f;135;"";"";.;.;desconocido;;;;44;6;
546;Otro;t;136;.;de;tro;ot;desconocido;;;;44;199;
547;de;f;137;"";el;de;de;desconocido;;;;44;11;
548;los;f;138;de;proyecto;los;los;desconocido;;;;44;8;
549;proyectos;f;139;el;en;tos;pro;desconocido;;;;44;168;
550;en;f;140;proyecto;el;en;en;desconocido;;;;44;48;
551;la;f;141;en;mesa;la;la;desconocido;;;;44;8;
552;mesa;f;142;el;ser;sa;me;desconocido;;;;44;200;
553;son;f;143;mesa;el;son;son;desconocido;;;;44;78;
555;derogatorios;f;145;el;a;rios;de;desconocido;;;;44;9;
556;a;f;146;"";el;a;a;desconocido;;;;44;26;
557;la;f;147;a;"";la;la;desconocido;;;;44;8;
558;Ley;t;148;el;"";ley;ley;desconocido;;;;44;169;
559;Tributaria;t;149;"";,;ria;tri;desconocido;;;;44;201;
560;,;f;150;"";el;,;,;desconocido;;;;44;15;
561;los;f;151;,;cual;los;los;desconocido;;;;44;8;
562;cuales;f;152;el;haber;les;cua;desconocido;;;;44;197;
563;han;f;153;cual;ser;han;han;desconocido;;;;44;202;
564;sido;f;154;haber;el;do;si;desconocido;;;;44;78;
565;el;f;155;ser;pretexto;el;el;desconocido;;;;44;8;
566;pretexto;f;156;el;para;to;pre;desconocido;;;;44;203;
567;para;f;157;pretexto;nuevo;ra;pa;desconocido;;;;44;35;
568;nuevas;f;158;para;diferencia;vas;nue;desconocido;;;;44;204;
569;diferencias;f;159;nuevo;en;cias;di;desconocido;;;;44;205;
570;en;f;160;diferencia;el;en;en;desconocido;;;;44;48;
571;el;f;161;en;interior;el;el;desconocido;;;;44;8;
572;interior;f;162;el;del;rior;in;desconocido;;;;44;206;
573;del;f;163;interior;"";del;del;desconocido;;;;44;63;
574;Legislativo;t;164;del;.;vo;le;desconocido;;;;44;157;
575;.;f;165;"";"";.;.;desconocido;;;;44;6;
576;El;t;166;.;sábado;el;el;desconocido;;;;44;8;
578;26;f;168;sábado;de;26;26;desconocido;;;;44;9;
579;de;f;169;"";febrero;de;de;desconocido;;;;44;11;
580;febrero;f;170;de;del;ro;feb;desconocido;;;;44;14;
581;del;f;171;febrero;"";del;del;desconocido;;;;44;63;
582;2022;f;172;del;,;022;20;desconocido;;;;44;9;
583;,;f;173;"";el;,;,;desconocido;;;;44;15;
584;el;f;174;,;"";el;el;desconocido;;;;44;8;
585;Consejo;t;175;el;de;jo;con;desconocido;;;;44;158;
586;de;f;176;"";"";de;de;desconocido;;;;44;11;
587;Administración;t;177;de;"";ción;ad;desconocido;;;;44;186;
588;Legislativa;t;178;"";(;va;le;desconocido;;;;44;187;
589;(;f;179;"";"";(;(;desconocido;;;;44;86;
590;CAL;t;180;(;);cal;cal;desconocido;;;;44;188;
591;);f;181;"";no;););desconocido;;;;44;87;
592;no;f;182;);alcanzar;no;no;desconocido;;;;44;69;
593;alcanzó;f;183;no;el;zó;al;desconocido;;;;44;207;
594;los;f;184;alcanzar;voto;los;los;desconocido;;;;44;8;
595;votos;f;185;el;suficiente;tos;vo;desconocido;;;;44;208;
596;suficientes;f;186;voto;para;tes;su;desconocido;;;;44;209;
597;para;f;187;suficiente;emitir;ra;pa;desconocido;;;;44;35;
598;emitir;f;188;para;uno;tir;em;desconocido;;;;44;210;
600;resolución;f;190;uno;sobre;ción;re;desconocido;;;;44;211;
601;sobre;f;191;resolución;dos;bre;sob;desconocido;;;;44;212;
602;dos;f;192;sobre;proyecto;dos;dos;desconocido;;;;44;213;
603;proyectos;f;193;dos;"";tos;pro;desconocido;;;;44;168;
604;derogatorios;f;194;proyecto;a;rios;de;desconocido;;;;44;9;
605;a;f;195;"";el;a;a;desconocido;;;;44;26;
606;la;f;196;a;"";la;la;desconocido;;;;44;8;
607;Ley;t;197;el;"";ley;ley;desconocido;;;;44;169;
608;Tributaria;t;198;"";.;ria;tri;desconocido;;;;44;201;
609;.;f;199;"";"";.;.;desconocido;;;;44;6;
610;Dos;t;200;.;de;dos;dos;desconocido;;;;44;213;
611;de;f;201;"";el;de;de;desconocido;;;;44;11;
612;los;f;202;de;siete;los;los;desconocido;;;;44;8;
613;siete;f;203;el;integrante;te;sie;desconocido;;;;44;214;
614;integrantes;f;204;siete;no;tes;in;desconocido;;;;44;215;
615;no;f;205;integrante;asistir;no;no;desconocido;;;;44;69;
616;asistieron;f;206;no;a;ron;as;desconocido;;;;44;216;
617;a;f;207;asistir;el;a;a;desconocido;;;;44;26;
410;Los;t;0;"";conflicto;los;los;desconocido;;;;44;8;
416;tras;f;6;continuar;el;ras;tra;desconocido;;;;44;150;
438;Social;t;28;"";(;cial;so;desconocido;;;;44;104;
453;según;f;43;,;experto;gún;se;desconocido;;;;44;108;
476;Progresivo;t;66;"";de;vo;pro;desconocido;;;;44;175;
498;última;f;88;el;propuesta;ma;úl;desconocido;;;;44;182;
522;que;f;112;anunciar;luego;que;que;desconocido;;;;44;18;
528;a;f;118;"";el;a;a;desconocido;;;;44;26;
531;su;f;121;sociedad;proyecto;su;su;desconocido;;;;44;120;
554;los;f;144;ser;"";los;los;desconocido;;;;44;8;
577;sábado;f;167;"";"";do;sá;desconocido;;;;44;29;
599;una;f;189;emitir;resolución;na;un;desconocido;;;;44;56;
618;la;f;208;a;sesión;la;la;desconocido;;;;44;8;
619;sesión;f;209;el;virtual;sión;se;desconocido;;;;44;217;
620;virtual;f;210;sesión;.;tual;vir;desconocido;;;;44;218;
621;.;f;211;virtual;"";.;.;puntuación;;;;44;6;
1091;“;f;0;"";hoy;“;“;puntuación;;;;69;267;
1092;Hoy;t;1;“;el;hoy;hoy;adverbio;;;;69;268;
1093;la;f;2;hoy;historia;la;la;artículo;1;2;;69;8;
1094;historia;f;3;el;él;ria;his;sustantivo;1;2;;69;269;
1095;se;f;4;historia;repetir;se;se;pronombre;;;;69;65;
1096;repite;f;5;él;.;te;re;verbo;4;15;3;69;270;
1097;.;f;6;repetir;con;.;.;puntuación;;;;69;6;
1098;Con;t;7;.;el;con;con;preposición;;;;69;38;
1099;la;f;8;con;mismo;la;la;artículo;1;2;;69;8;
1100;misma;f;9;el;estrategia;ma;mis;demostrativo;1;2;;69;271;
1101;estrategia;f;10;mismo;de;gia;es;sustantivo;1;2;;69;272;
1102;de;f;11;estrategia;sembrar;de;de;preposición;;;;69;11;
1103;sembrar;f;12;de;el;rar;sem;verbo;;13;;69;273;
1104;la;f;13;sembrar;confusión;la;la;artículo;1;2;;69;8;
1105;confusión;f;14;el;y;sión;con;sustantivo;1;2;;69;274;
1106;y;f;15;confusión;el;y;y;conjunción;6;;;69;24;
1107;el;f;16;y;cao;el;el;artículo;1;1;;69;8;
1108;caos;f;17;el;en;caos;caos;sustantivo;2;1;;69;275;
1109;en;f;18;cao;el;en;en;preposición;;;;69;48;
1110;la;f;19;en;Asamblea;la;la;artículo;1;2;;69;8;
1111;Asamblea;t;20;el;Nacional;lea;as;sustantivo;;;;69;276;
1112;Nacional;t;21;Asamblea;él;nal;na;sustantivo;;;;69;277;
1113;se;f;22;Nacional;buscar;se;se;pronombre;;;;69;65;
1114;busca;f;23;él;controlar él;ca;bus;verbo;4;15;3;69;278;
1115;controlarla;f;24;buscar;para;rla;con;verbo;;13;;69;279;
1116;para;f;25;controlar él;imponer;ra;pa;preposición;;;;69;35;
1117;imponer;f;26;para;uno;ner;im;verbo;;13;;69;280;
1118;un;f;27;imponer;Consejo;un;un;artículo;1;1;;69;56;
1119;Consejo;t;28;uno;de;jo;con;sustantivo;;;;69;281;
1120;de;f;29;Consejo;Participación;de;de;preposición;;;;69;11;
1121;Participación;t;30;de;Ciudadana;ción;par;sustantivo;;;;69;282;
1122;Ciudadana;t;31;Participación;que;na;ciu;sustantivo;;;;69;283;
1123;que;f;32;Ciudadana;nombre;que;que;relativo;;;;69;18;
1124;nombre;f;33;que;contralor;bre;nom;sustantivo;1;1;;69;284;
1125;contralor;f;34;nombre;,;lor;con;sustantivo;1;1;;69;285;
1126;,;f;35;contralor;procurador;,;,;puntuación;;;;69;15;
1127;procurador;f;36;,;,;dor;pro;sustantivo;1;1;;69;286;
1128;,;f;37;procurador;fiscal;,;,;puntuación;;;;69;15;
1129;fiscal;f;38;,;,;cal;fis;adjetivo;1;;;69;287;
1130;,;f;39;fiscal;autoridad;,;,;puntuación;;;;69;15;
1131;autoridades;f;40;,;electoral;des;au;sustantivo;2;2;;69;164;
1132;electorales;f;41;autoridad;.;les;el;adjetivo;2;;;69;288;
1133;.;f;42;electoral;ser;.;.;puntuación;;;;69;6;
1134;Es;t;43;.;ese;es;es;verbo;4;15;3;69;78;
1135;esa;f;44;ser;el;sa;es;demostrativo;1;2;;69;53;
1136;la;f;45;ese;razón;la;la;artículo;1;2;;69;8;
1137;razón;f;46;el;que;zón;ra;sustantivo;1;2;;69;289;
1138;que;f;47;razón;él;que;que;relativo;;;;69;18;
1139;se;f;48;que;ocultar;se;se;pronombre;;;;69;65;
1140;oculta;f;49;él;detrás;ta;oc;verbo;4;15;3;69;290;
1141;detrás;f;50;ocultar;de;rás;det;adverbio;;;;69;291;
1142;de;f;51;detrás;todo;de;de;preposición;;;;69;11;
1143;todos;f;52;de;el;dos;to;demostrativo;2;1;;69;292;
1144;los;f;53;todo;acontecimiento;los;los;artículo;2;1;;69;8;
1145;acontecimientos;f;54;el;que;tos;ac;sustantivo;2;1;;69;293;
1146;que;f;55;acontecimiento;él;que;que;relativo;;;;69;18;
1147;se;f;56;que;vivir;se;se;pronombre;;;;69;65;
1148;viven;f;57;él;en;ven;vi;verbo;4;15;3;69;130;
1149;en;f;58;vivir;el;en;en;preposición;;;;69;48;
1150;la;f;59;en;Asamblea;la;la;artículo;1;2;;69;8;
1151;Asamblea;t;60;el;Nacional;lea;as;sustantivo;;;;69;276;
1152;Nacional;t;61;Asamblea;.;nal;na;sustantivo;;;;69;277;
1153;.;f;62;Nacional;y;.;.;puntuación;;;;69;6;
1154;Y;t;63;.;,;y;y;conjunción;6;;;69;24;
1155;,;f;64;y;de;,;,;puntuación;;;;69;15;
1156;de;f;65;,;nuevo;de;de;preposición;;;;69;11;
1157;nuevo;f;66;de;,;vo;nue;adjetivo;;;;69;204;
1158;,;f;67;nuevo;aquí;,;,;puntuación;;;;69;15;
1159;aquí;f;68;,;estar;quí;aq;adverbio;;;;69;294;
813;El;t;0;"";canciller;el;el;artículo;;;;54;8;
814;canciller;f;1;el;Juan;ler;can;sustantivo;;;;54;219;
815;Juan;t;2;canciller;Carlos;juan;juan;sustantivo;;;;54;220;
816;Carlos;t;3;Juan;Holguín;los;car;sustantivo;;;;54;221;
817;Holguín;t;4;Carlos;informar;guín;hol;sustantivo;;;;54;222;
818;informó;f;5;Holguín;el;mó;in;verbo;;;;54;88;
819;la;f;6;informar;tarde;la;la;artículo;;;;54;8;
820;tarde;f;7;el;de;de;tar;sustantivo;;;;54;223;
821;de;f;8;tarde;este;de;de;preposición;;;;54;11;
822;este;f;9;de;1;te;es;demostrativo;;;;54;12;
823;1;f;10;este;de;1;1;numeral;;;;54;224;
824;de;f;11;1;marzo;de;de;preposición;;;;54;11;
825;marzo;f;12;de;de;zo;mar;sustantivo;;;;54;62;
826;de;f;13;marzo;2022;de;de;preposición;;;;54;11;
827;2022;f;14;de;que;022;20;numeral;;;;54;225;
828;que;f;15;2022;el;que;que;conjunción;;;;54;18;
829;el;f;16;que;vuelo;el;el;artículo;;;;54;8;
830;vuelo;f;17;el;humanitario;lo;vue;sustantivo;;;;54;57;
831;humanitario;f;18;vuelo;que;rio;hu;adjetivo;;;;54;58;
832;que;f;19;humanitario;traer;que;que;relativo;;;;54;18;
833;traerá;f;20;que;al;rá;trae;verbo;;;;54;226;
834;al;f;21;traer;país;al;al;preposición;;;;54;4;
835;país;f;22;al;a;país;país;sustantivo;;;;54;54;
836;a;f;23;país;el;a;a;preposición;;;;54;26;
837;los;f;24;a;compatriota;los;los;artículo;;;;54;8;
838;compatriotas;f;25;el;que;tas;com;sustantivo;;;;54;32;
839;que;f;26;compatriota;lograr;que;que;relativo;;;;54;18;
840;lograron;f;27;que;salir;ron;log;verbo;;;;54;21;
841;salir;f;28;lograr;de;lir;sa;verbo;;;;54;22;
842;de;f;29;salir;Ucrania;de;de;preposición;;;;54;11;
843;Ucrania;t;30;de;partir;nia;uc;sustantivo;;;;54;227;
844;partirá;f;31;Ucrania;de;rá;par;verbo;;;;54;228;
845;de;f;32;partir;Budapest;de;de;preposición;;;;54;11;
846;Budapest;t;33;de;(;pest;bu;sustantivo;;;;54;229;
847;(;f;34;Budapest;Hungría;(;(;puntuación;;;;54;86;
848;Hungría;t;35;(;);ría;hun;sustantivo;;;;54;230;
849;);f;36;Hungría;,;););puntuación;;;;54;87;
850;,;f;37;);luego;,;,;puntuación;;;;54;15;
851;luego;f;38;,;ir;go;lue;adverbio;;;;54;193;
852;irá;f;39;luego;a;rá;ir;verbo;;;;54;3;
853;a;f;40;ir;Varsovia;a;a;preposición;;;;54;26;
854;Varsovia;t;41;a;(;via;var;sustantivo;;;;54;231;
855;(;f;42;Varsovia;Polonia;(;(;puntuación;;;;54;86;
856;Polonia;t;43;(;);nia;po;sustantivo;;;;54;232;
857;);f;44;Polonia;y;););puntuación;;;;54;87;
858;y;f;45;);venir;y;y;conjunción;;;;54;24;
859;vendrá;f;46;y;a;drá;ven;verbo;;;;54;233;
860;a;f;47;venir;Ecuador;a;a;preposición;;;;54;26;
861;Ecuador;t;48;a;.;dor;ec;sustantivo;;;;54;234;
862;.;f;49;Ecuador;el;.;.;puntuación;;;;54;6;
863;El;t;50;.;avión;el;el;artículo;;;;54;8;
864;avión;f;51;el;arribar;vión;av;sustantivo;;;;54;235;
865;arribará;f;52;avión;lleno;rá;ar;verbo;;;;54;236;
866;lleno;f;53;arribar;,;no;lle;adjetivo;;;;54;237;
867;,;f;54;lleno;con;,;,;puntuación;;;;54;15;
868;con;f;55;,;el;con;con;preposición;;;;54;38;
1160;estoy;f;69;aquí;para;toy;es;verbo;4;15;1;69;98;
1161;para;f;70;estar;enfrentar él;ra;pa;preposición;;;;69;35;
869;los;f;56;con;350;los;los;artículo;;;;54;8;
870;350;f;57;el;espacio;350;35;numeral;;;;54;238;
871;espacios;f;58;350;disponible;cios;es;sustantivo;;;;54;239;
872;disponibles;f;59;espacio;ocupado;les;dis;adjetivo;;;;54;240;
873;ocupados;f;60;disponible;,;dos;oc;adjetivo;;;;54;241;
874;,;f;61;ocupado;entre;,;,;puntuación;;;;54;15;
875;entre;f;62;,;el;tre;en;preposición;;;;54;242;
876;las;f;63;entre;20:50;las;las;artículo;;;;54;8;
877;20:50;f;64;el;y;:50;20;sustantivo;;;;54;243;
878;y;f;65;20:50;el;y;y;conjunción;;;;54;24;
879;las;f;66;y;21:15;las;las;artículo;;;;54;8;
880;21:15;f;67;el;del;:15;21;numeral;;;;54;244;
881;del;f;68;21:15;próximo;del;del;preposición;;;;54;63;
882;próximo;f;69;del;jueves;mo;pró;adjetivo;;;;54;180;
883;jueves;f;70;próximo;,;ves;jue;sustantivo;;;;54;245;
884;,;f;71;jueves;puntualizar;,;,;puntuación;;;;54;15;
885;puntualizó;f;72;,;.;zó;pun;verbo;;;;54;246;
886;.;f;73;puntualizar;"

";.;.;puntuación;;;;54;6;
887;"

";f;74;.;agregar;"

";"
";desconocido;;;;54;247;
888;Agregó;t;75;"

";que;gó;ag;verbo;;;;54;248;
889;que;f;76;agregar;otro;que;que;conjunción;;;;54;18;
890;otros;f;77;que;doce;ros;ot;demostrativo;;;;54;199;
891;doce;f;78;otro;ecuatoriano;ce;do;numeral;;;;54;249;
892;ecuatorianos;f;79;doce;estar;nos;ec;sustantivo;;;;54;19;
893;están;f;80;ecuatoriano;registrado;tán;es;verbo;;;;54;98;
894;registrados;f;81;estar;en;dos;re;adjetivo;;;;54;250;
895;en;f;82;registrado;uno;en;en;preposición;;;;54;48;
896;un;f;83;en;vuelo;un;un;artículo;;;;54;56;
897;vuelo;f;84;uno;humanitario;lo;vue;sustantivo;;;;54;57;
898;humanitario;f;85;vuelo;del;rio;hu;adjetivo;;;;54;58;
899;del;f;86;humanitario;Gobierno;del;del;preposición;;;;54;63;
900;Gobierno;t;87;del;mexicano;no;go;sustantivo;;;;54;251;
901;mexicano;f;88;Gobierno;que;no;me;adjetivo;;;;54;252;
902;que;f;89;mexicano;salir;que;que;relativo;;;;54;18;
903;saldrá;f;90;que;en;drá;sal;verbo;;;;54;22;
904;en;f;91;salir;el;en;en;preposición;;;;54;48;
905;los;f;92;en;próximo;los;los;artículo;;;;54;8;
906;próximos;f;93;el;día;mos;pró;adjetivo;;;;54;180;
907;días;f;94;próximo;desde;días;días;sustantivo;;;;54;181;
908;desde;f;95;día;Bucarest;de;des;preposición;;;;54;28;
909;Bucarest;t;96;desde;(;rest;bu;sustantivo;;;;54;253;
910;(;f;97;Bucarest;Rumania;(;(;puntuación;;;;54;86;
911;Rumania;t;98;(;);nia;ru;sustantivo;;;;54;254;
912;);f;99;Rumania;y;););puntuación;;;;54;87;
913;y;f;100;);que;y;y;conjunción;;;;54;24;
914;que;f;101;y;estar;que;que;relativo;;;;54;18;
915;están;f;102;que;en;tán;es;verbo;;;;54;98;
916;en;f;103;estar;conversación;en;en;preposición;;;;54;48;
917;conversaciones;f;104;en;para;nes;con;sustantivo;;;;54;255;
918;para;f;105;conversación;ampliar;ra;pa;preposición;;;;54;35;
919;ampliar;f;106;para;ese;liar;am;verbo;;;;54;256;
920;ese;f;107;ampliar;cupo;se;es;demostrativo;;;;54;53;
921;cupo;f;108;ese;a;po;cu;sustantivo;;;;54;257;
922;a;f;109;cupo;20;a;a;preposición;;;;54;26;
923;20;f;110;a;.;20;20;numeral;;;;54;258;
924;.;f;111;20;al;.;.;puntuación;;;;54;6;
925;Al;t;112;.;llegar;al;al;preposición;;;;54;4;
926;llegar;f;113;al;a;gar;lle;verbo;;;;54;25;
927;a;f;114;llegar;México;a;a;preposición;;;;54;26;
928;México;t;115;a;,;co;mé;sustantivo;;;;54;259;
929;,;f;116;México;él;,;,;puntuación;;;;54;15;
930;ellos;f;117;,;abordar;los;el;pronombre;;;;54;65;
931;abordarán;f;118;él;inmediatamente;rán;ab;verbo;;;;54;260;
932;inmediatamente;f;119;abordar;otro;te;in;adverbio;;;;54;261;
933;otro;f;120;inmediatamente;avión;tro;ot;demostrativo;;;;54;199;
934;avión;f;121;otro;hasta;vión;av;sustantivo;;;;54;235;
935;hasta;f;122;avión;Ecuador;ta;has;preposición;;;;54;7;
936;Ecuador;t;123;hasta;,;dor;ec;sustantivo;;;;54;234;
937;,;f;124;Ecuador;indicar;,;,;puntuación;;;;54;15;
938;indicó;f;125;,;.;có;in;verbo;;;;54;262;
939;.;f;126;indicar;con;.;.;puntuación;;;;54;6;
940;Con;t;127;.;él;con;con;preposición;;;;54;38;
941;ello;f;128;con;,;llo;el;pronombre;;;;54;65;
942;,;f;129;él;Holguín;,;,;puntuación;;;;54;15;
943;Holguín;t;130;,;esperar;guín;hol;sustantivo;;;;54;222;
944;espera;f;131;Holguín;que;ra;es;verbo;;;;54;263;
945;que;f;132;esperar;370;que;que;conjunción;;;;54;18;
946;370;f;133;que;compatriota;370;37;numeral;;;;54;264;
947;compatriotas;f;134;370;regresen;tas;com;sustantivo;;;;54;32;
948;regresen;f;135;compatriota;al;sen;reg;verbo;;;;54;265;
949;al;f;136;regresen;país;al;al;preposición;;;;54;4;
950;país;f;137;al;en;país;país;sustantivo;;;;54;54;
951;en;f;138;país;este;en;en;preposición;;;;54;48;
952;esta;f;139;en;semana;ta;es;demostrativo;;;;54;12;
953;semana;f;140;este;.;na;se;sustantivo;;;;54;266;
954;.;f;141;semana;"";.;.;puntuación;;;;54;6;
1162;enfrentarlos;f;71;para;,;los;en;verbo;;13;;69;295;
1163;,;f;72;enfrentar él;no;,;,;puntuación;;;;69;15;
1164;no;f;73;,;él;no;no;adverbio;;;;69;69;
1165;les;f;74;no;tener;les;les;pronombre;2;;;69;65;
1166;tengo;f;75;él;miedo;go;ten;verbo;4;15;1;69;166;
1167;miedo;f;76;tener;”;do;mie;sustantivo;1;1;;69;296;
1168;”;f;77;miedo;,;”;”;puntuación;;;;69;297;
1169;,;f;78;”;manifestar;,;,;puntuación;;;;69;15;
1170;manifestó;f;79;,;el;tó;ma;verbo;4;19;3;69;298;
1171;la;f;80;manifestar;presidenta;la;la;artículo;1;2;;69;8;
1172;presidenta;f;81;el;del;ta;pre;sustantivo;1;2;;69;299;
1173;del;f;82;presidenta;Parlamento;del;del;preposición;;;;69;63;
1174;Parlamento;t;83;del;,;to;par;sustantivo;;;;69;300;
1175;,;f;84;Parlamento;Guadalupe;,;,;puntuación;;;;69;15;
1176;Guadalupe;t;85;,;Llori;pe;gua;sustantivo;;;;69;301;
1177;Llori;t;86;Guadalupe;(;ri;llo;sustantivo;;;;69;302;
1178;(;f;87;Llori;PK;(;(;puntuación;;;;69;86;
1179;PK;t;88;(;);pk;pk;sustantivo;;;;69;303;
1180;);f;89;PK;,;););puntuación;;;;69;87;
1181;,;f;90;);a;,;,;puntuación;;;;69;15;
1182;a;f;91;,;propósito;a;a;preposición;;;;69;26;
1183;propósito;f;92;a;de;to;pro;sustantivo;;;;69;304;
1184;de;f;93;propósito;el;de;de;preposición;;;;69;11;
1185;la;f;94;de;crisis;la;la;artículo;1;2;;69;8;
1186;crisis;f;95;el;interno;sis;cri;sustantivo;;2;;69;305;
1187;interna;f;96;crisis;que;na;in;adjetivo;1;2;;69;306;
1188;que;f;97;interno;vivir;que;que;relativo;;;;69;18;
1189;vive;f;98;que;el;ve;vi;verbo;4;15;3;69;130;
1190;la;f;99;vivir;Asamblea;la;la;artículo;1;2;;69;8;
1191;Asamblea;t;100;el;.;lea;as;sustantivo;;;;69;276;
1192;.;f;101;Asamblea;"

";.;.;puntuación;;;;69;6;
1193;"

";f;102;.;llori;"

";"
";desconocido;;;;69;247;
1194;Llori;t;103;"

";él;ri;llo;sustantivo;;;;69;307;
1195;se;f;104;llori;pronunciar;se;se;pronombre;;;;69;65;
1196;pronunció;f;105;él;el;ció;pro;verbo;4;19;3;69;308;
1197;la;f;106;pronunciar;noche;la;la;artículo;1;2;;69;8;
1198;noche;f;107;el;del;che;noc;sustantivo;1;2;;69;309;
1199;del;f;108;noche;martes;del;del;preposición;;;;69;63;
1200;martes;f;109;del;1;tes;mar;sustantivo;;;;69;61;
1201;1;f;110;martes;de;1;1;numeral;;;6;69;224;
1202;de;f;111;1;marzo;de;de;preposición;;;;69;11;
1203;marzo;f;112;de;,;zo;mar;sustantivo;;;;69;62;
1204;,;f;113;marzo;a;,;,;puntuación;;;;69;15;
1205;a;f;114;,;través;a;a;preposición;;;;69;26;
1206;través;f;115;a;de;vés;tra;sustantivo;;;;69;34;
1207;de;f;116;través;uno;de;de;preposición;;;;69;11;
1208;un;f;117;de;video;un;un;artículo;1;1;;69;56;
1209;video;f;118;uno;difundido;deo;vi;sustantivo;1;1;;69;310;
1210;difundido;f;119;video;por;do;di;adjetivo;1;1;;69;102;
1211;por;f;120;difundido;el;por;por;preposición;;;;69;131;
1212;las;f;121;por;red;las;las;artículo;2;2;;69;8;
1213;redes;f;122;el;social;des;re;sustantivo;2;2;;69;103;
1214;sociales;f;123;red;de;les;so;adjetivo;2;;;69;104;
1215;de;f;124;social;el;de;de;preposición;;;;69;11;
1216;la;f;125;de;legislatura;la;la;artículo;1;2;;69;8;
1217;legislatura;f;126;el;.;ra;le;sustantivo;1;2;;69;311;
1218;.;f;127;legislatura;él;.;.;puntuación;;;;69;6;
1219;Se;t;128;.;referir;se;se;pronombre;;;;69;65;
1220;refirió;f;129;él;a;rió;re;verbo;4;19;3;69;312;
1221;a;f;130;referir;el;a;a;preposición;;;;69;26;
1222;los;f;131;a;altercado;los;los;artículo;2;1;;69;8;
1223;altercados;f;132;el;que;dos;al;sustantivo;2;1;;69;313;
1224;que;f;133;altercado;desembocar;que;que;relativo;;;;69;18;
1225;desembocaron;f;134;que;en;ron;de;verbo;4;19;3;69;314;
1226;en;f;135;desembocar;el;en;en;preposición;;;;69;48;
1227;la;f;136;en;accidentado;la;la;artículo;1;2;;69;8;
1228;accidentada;f;137;el;sesión;da;ac;adjetivo;1;2;;69;315;
1229;sesión;f;138;accidentado;del;sión;se;sustantivo;1;2;;69;217;
1230;del;f;139;sesión;pleno;del;del;preposición;;;;69;63;
1231;pleno;f;140;del;el;no;ple;sustantivo;1;1;;69;52;
1232;el;f;141;pleno;jueves;el;el;artículo;1;1;;69;8;
1233;jueves;f;142;el;24;ves;jue;sustantivo;;;;69;245;
1234;24;f;143;jueves;de;24;24;numeral;;;6;69;316;
1235;de;f;144;24;febrero;de;de;preposición;;;;69;11;
1236;febrero;f;145;de;,;ro;feb;sustantivo;;;;69;14;
1237;,;f;146;febrero;que;,;,;puntuación;;;;69;15;
1238;que;f;147;,;terminar;que;que;relativo;;;;69;18;
1239;terminó;f;148;que;en;nó;ter;verbo;4;19;3;69;317;
1240;en;f;149;terminar;medio;en;en;preposición;;;;69;48;
1241;medio;f;150;en;de;dio;me;sustantivo;;;;69;318;
1242;de;f;151;medio;grito;de;de;preposición;;;;69;11;
1243;gritos;f;152;de;y;tos;gri;sustantivo;2;1;;69;319;
1244;y;f;153;grito;apagón;y;y;conjunción;6;;;69;24;
1245;apagones;f;154;y;del;nes;ap;sustantivo;2;1;;69;320;
1246;del;f;155;apagón;servicio;del;del;preposición;;;;69;63;
1247;servicio;f;156;del;eléctrico;cio;ser;sustantivo;1;1;;69;321;
1248;eléctrico;f;157;servicio;.;co;el;adjetivo;1;1;;69;322;
1249;.;f;158;eléctrico;"";.;.;puntuación;;;;69;6;
1274;La;t;0;"";mayoría;la;la;artículo;1;2;;73;8;
1275;mayoría;f;1;el;de;ría;ma;sustantivo;1;2;;73;323;
1276;de;f;2;mayoría;el;de;de;preposición;;;;73;11;
1277;los;f;3;de;ecuatoriano;los;los;artículo;2;1;;73;8;
1278;ecuatorianos;f;4;el;que;nos;ec;sustantivo;2;1;;73;19;
1279;que;f;5;ecuatoriano;salir;que;que;relativo;;;;73;18;
1280;salen;f;6;que;de;len;sa;verbo;4;15;3;73;22;
1281;de;f;7;salir;Ucrania;de;de;preposición;;;;73;11;
1282;Ucrania;t;8;de;decidir;nia;uc;sustantivo;;;;73;227;
1283;deciden;f;9;Ucrania;retornar;den;de;verbo;4;15;3;73;324;
1284;retornar;f;10;decidir;a;nar;re;verbo;;13;;73;325;
1285;a;f;11;retornar;Ecuador;a;a;preposición;;;;73;26;
1286;Ecuador;t;12;a;.;dor;ec;sustantivo;;;;73;234;
1287;.;f;13;Ecuador;según;.;.;puntuación;;;;73;6;
1288;Según;t;14;.;el;gún;se;preposición;;;;73;108;
1289;el;f;15;según;registro;el;el;artículo;1;1;;73;8;
1290;registro;f;16;el;de;tro;re;sustantivo;1;1;;73;326;
1291;de;f;17;registro;el;de;de;preposición;;;;73;11;
1292;la;f;18;de;Cancillería;la;la;artículo;1;2;;73;8;
1293;Cancillería;t;19;el;,;ría;can;sustantivo;;;;73;327;
1294;,;f;20;Cancillería;691;,;,;puntuación;;;;73;15;
1295;691;f;21;,;compatriota;691;69;numeral;;;6;73;328;
1296;compatriotas;f;22;691;haber;tas;com;sustantivo;2;;;73;32;
1297;han;f;23;compatriota;cruzar;han;han;verbo;4;15;3;73;202;
1298;cruzado;f;24;haber;el;do;cru;verbo;;14;;73;40;
1299;la;f;25;cruzar;frontera;la;la;artículo;1;2;;73;8;
1300;frontera;f;26;el;de;ra;fro;sustantivo;1;2;;73;42;
1301;de;f;27;frontera;ese;de;de;preposición;;;;73;11;
1302;ese;f;28;de;país;se;es;demostrativo;1;1;;73;53;
1303;país;f;29;ese;europeo;país;país;sustantivo;1;1;;73;54;
1304;europeo;f;30;país;hasta;peo;eu;adjetivo;1;1;;73;329;
1305;hasta;f;31;europeo;el;ta;has;preposición;;;;73;7;
1306;las;f;32;hasta;9:20;las;las;artículo;2;2;;73;8;
1307;9:20;f;33;el;de;:20;9:;numeral;;;6;73;330;
1308;de;f;34;9:20;este;de;de;preposición;;;;73;11;
1309;este;f;35;de;miércoles;te;es;demostrativo;1;1;;73;12;
1310;miércoles;f;36;este;2;les;miér;sustantivo;;;;73;331;
1311;2;f;37;miércoles;de;2;2;numeral;;;6;73;332;
1312;de;f;38;2;marzo;de;de;preposición;;;;73;11;
1313;marzo;f;39;de;de;zo;mar;sustantivo;;;;73;62;
1314;de;f;40;marzo;2022;de;de;preposición;;;;73;11;
1315;2022;f;41;de;.;022;20;numeral;;;6;73;225;
1316;.;f;42;2022;"

";.;.;puntuación;;;;73;6;
1317;"

";f;43;.;el;"

";"
";desconocido;;;;73;247;
1318;La;t;44;"

";cifra;la;la;artículo;1;2;;73;8;
1319;cifra;f;45;el;de;fra;cif;sustantivo;1;2;;73;333;
1320;de;f;46;cifra;ecuatoriano;de;de;preposición;;;;73;11;
1321;ecuatorianos;f;47;de;que;nos;ec;sustantivo;2;1;;73;19;
1322;que;f;48;ecuatoriano;lograr;que;que;relativo;;;;73;18;
1323;lograron;f;49;que;pasar;ron;log;verbo;4;19;3;73;21;
1324;pasar;f;50;lograr;el;sar;pa;verbo;;13;;73;334;
1325;el;f;51;pasar;límite;el;el;artículo;1;1;;73;8;
1326;límite;f;52;el;fronterizo;te;lí;sustantivo;1;1;;73;335;
1327;fronterizo;f;53;límite;aumentar;zo;fro;adjetivo;1;1;;73;336;
1328;aumenta;f;54;fronterizo;.;ta;au;verbo;4;15;3;73;337;
1329;.;f;55;aumentar;sin;.;.;puntuación;;;;73;6;
1330;Sin;t;56;.;embargo;sin;sin;preposición;;;;73;43;
1331;embargo;f;57;sin;,;go;em;sustantivo;1;1;;73;44;
1332;,;f;58;embargo;haber;,;,;puntuación;;;;73;15;
1333;hay;f;59;,;otro;hay;hay;verbo;4;15;3;73;202;
1334;otros;f;60;haber;que;ros;ot;desconocido;;;;73;199;
1335;que;f;61;otro;no;que;que;relativo;;;;73;18;
1336;no;f;62;que;desear;no;no;adverbio;;;;73;69;
1337;desean;f;63;no;retornar;sean;de;verbo;4;15;3;73;338;
1338;retornar;f;64;desear;.;nar;re;verbo;;13;;73;325;
1339;.;f;65;retornar;"

";.;.;puntuación;;;;73;6;
1340;"

";f;66;.;“;"

";"
";desconocido;;;;73;247;
1341;“;f;67;"

";tener;“;“;puntuación;;;;73;267;
1342;Tenemos;t;68;“;123;mos;te;verbo;4;15;1;73;166;
1343;123;f;69;tener;todavía;123;12;numeral;;;6;73;339;
1344;todavía;f;70;123;en;vía;to;adverbio;;;;73;340;
1345;en;f;71;todavía;Ucrania;en;en;preposición;;;;73;48;
1346;Ucrania;t;72;en;,;nia;uc;sustantivo;;;;73;227;
1347;,;f;73;Ucrania;mucho;,;,;puntuación;;;;73;15;
1348;muchos;f;74;,;de;hos;muc;desconocido;;;;73;31;
1349;de;f;75;mucho;él;de;de;preposición;;;;73;11;
1350;ellos;f;76;de;no;los;el;pronombre;2;1;;73;65;
1351;no;f;77;él;querer;no;no;adverbio;;;;73;69;
1352;quieren;f;78;no;salir;ren;quie;verbo;4;15;3;73;2;
1353;salir;f;79;querer;.;lir;sa;verbo;;13;;73;22;
1354;.;f;80;salir;estar;.;.;puntuación;;;;73;6;
1355;Estamos;t;81;.;tratar;mos;es;verbo;4;15;1;73;98;
1356;tratando;f;82;estar;caso;do;tra;verbo;;11;;73;33;
1357;casos;f;83;tratar;uno;sos;ca;sustantivo;2;1;;73;79;
1358;uno;f;84;caso;a;no;un;desconocido;;;;73;56;
1359;a;f;85;uno;uno;a;a;preposición;;;;73;26;
1360;uno;f;86;a;.;no;un;desconocido;;;;73;56;
1361;.;f;87;uno;ya;.;.;puntuación;;;;73;6;
1362;Ya;t;88;.;con;ya;ya;adverbio;;;;73;20;
1363;con;f;89;ya;el;con;con;preposición;;;;73;38;
1364;los;f;90;con;123;los;los;artículo;2;1;;73;8;
1365;123;f;91;el;ser;123;12;numeral;;;6;73;339;
1366;es;f;92;123;más;es;es;verbo;4;15;3;73;78;
1367;más;f;93;ser;fácil;más;más;adverbio;;;;73;122;
1368;fácil;f;94;más;,;cil;fá;adjetivo;1;;;73;341;
1369;,;f;95;fácil;para;,;,;puntuación;;;;73;15;
1370;para;f;96;,;yo;ra;pa;preposición;;;;73;35;
1371;nosotros;f;97;para;,;ros;no;pronombre;2;1;;73;46;
1372;,;f;98;yo;establecer;,;,;puntuación;;;;73;15;
1373;establecer;f;99;,;método;cer;es;verbo;;13;;73;342;
1374;métodos;f;100;establecer;de;dos;mé;sustantivo;2;1;;73;343;
1375;de;f;101;método;contacto;de;de;preposición;;;;73;11;
1376;contacto;f;102;de;permanente;to;con;sustantivo;1;1;;73;344;
1377;permanente;f;103;contacto;para;te;per;adjetivo;1;;;73;345;
1378;para;f;104;permanente;convencer él;ra;pa;preposición;;;;73;35;
1379;convencerles;f;105;para;de;les;con;verbo;;13;;73;346;
1380;de;f;106;convencer él;salir;de;de;preposición;;;;73;11;
1381;salir;f;107;de;y;lir;sa;verbo;;13;;73;22;
1382;y;f;108;salir;volver;y;y;conjunción;6;;;73;24;
1383;volver;f;109;y;”;ver;vol;verbo;;13;;73;347;
1384;”;f;110;volver;,;”;”;puntuación;;;;73;297;
1385;,;f;111;”;expresar;,;,;puntuación;;;;73;15;
1386;expresó;f;112;,;el;só;ex;verbo;4;19;3;73;348;
1387;el;f;113;expresar;canciller;el;el;artículo;1;1;;73;8;
1388;canciller;f;114;el;Juan;ler;can;sustantivo;1;;;73;219;
1389;Juan;t;115;canciller;Carlos;juan;juan;sustantivo;;;;73;220;
1390;Carlos;t;116;Juan;Holguín;los;car;sustantivo;;;;73;221;
1391;Holguín;t;117;Carlos;durante;guín;hol;sustantivo;;;;73;222;
1392;durante;f;118;Holguín;uno;te;du;preposición;;;;73;349;
1393;una;f;119;durante;entrevista;na;un;artículo;1;2;;73;56;
1394;entrevista;f;120;uno;en;ta;en;sustantivo;1;2;;73;350;
1395;en;f;121;entrevista;Teleamazonas;en;en;preposición;;;;73;48;
1396;Teleamazonas;t;122;en;.;nas;te;sustantivo;;;;73;351;
1397;.;f;123;Teleamazonas;"

";.;.;puntuación;;;;73;6;
1398;"

";f;124;.;el;"

";"
";desconocido;;;;73;247;
1399;El;t;125;"

";funcionario;el;el;artículo;1;1;;73;8;
1400;funcionario;f;126;el;recordar;rio;fun;sustantivo;1;1;;73;352;
1401;recuerda;f;127;funcionario;a;da;re;verbo;4;15;3;73;353;
1402;a;f;128;recordar;el;a;a;preposición;;;;73;26;
1403;las;f;129;a;familia;las;las;artículo;2;2;;73;8;
1404;familias;f;130;el;de;lias;fa;sustantivo;2;2;;73;354;
1405;de;f;131;familia;el;de;de;preposición;;;;73;11;
1406;los;f;132;de;compatriota;los;los;artículo;2;1;;73;8;
1407;compatriotas;f;133;el;que;tas;com;sustantivo;2;;;73;32;
1408;que;f;134;compatriota;el;que;que;conjunción;7;;;73;18;
1409;el;f;135;que;permiso;el;el;artículo;1;1;;73;8;
1410;permiso;f;136;el;para;so;per;sustantivo;1;1;;73;355;
1411;para;f;137;permiso;permanecer;ra;pa;preposición;;;;73;35;
1412;permanecer;f;138;para;en;cer;per;verbo;;13;;73;356;
1413;en;f;139;permanecer;territorio;en;en;preposición;;;;73;48;
1414;territorio;f;140;en;polaco;rio;ter;sustantivo;1;1;;73;357;
1415;polaco;f;141;territorio;ser;co;po;adjetivo;1;1;;73;358;
1416;es;f;142;polaco;solo;es;es;verbo;4;15;3;73;78;
1417;solo;f;143;ser;por;lo;so;adjetivo;1;1;;73;359;
1418;por;f;144;solo;15;por;por;preposición;;;;73;131;
1419;15;f;145;por;día;15;15;numeral;;;6;73;360;
1420;días;f;146;15;.;días;días;sustantivo;2;1;;73;181;
1421;.;f;147;día;"

";.;.;puntuación;;;;73;6;
1422;"

";f;148;.;alguno;"

";"
";desconocido;;;;73;247;
1423;Algunos;t;149;"

";estudiante;nos;al;demostrativo;2;1;;73;73;
1424;estudiantes;f;150;alguno;ecuatoriano;tes;es;sustantivo;2;;;73;68;
1425;ecuatorianos;f;151;estudiante;que;nos;ec;adjetivo;2;1;;73;19;
1426;que;f;152;ecuatoriano;no;que;que;relativo;;;;73;18;
1427;no;f;153;que;querer;no;no;adverbio;;;;73;69;
1428;quieren;f;154;no;retornar;ren;quie;verbo;4;15;3;73;2;
1429;retornar;f;155;querer;ya;nar;re;verbo;;13;;73;325;
1430;ya;f;156;retornar;haber;ya;ya;adverbio;;;;73;20;
1431;han;f;157;ya;firmar;han;han;verbo;4;15;3;73;202;
1432;firmado;f;158;haber;el;do;fir;verbo;;14;;73;361;
1433;la;f;159;firmar;carta;la;la;artículo;1;2;;73;8;
1434;carta;f;160;el;de;ta;car;sustantivo;;;;73;362;
1435;de;f;161;carta;descargo;de;de;preposición;;;;73;11;
1436;descargo;f;162;de;,;go;des;sustantivo;1;1;;73;363;
1437;,;f;163;descargo;donde;,;,;puntuación;;;;73;15;
1438;donde;f;164;,;“;de;don;desconocido;;;;73;72;
1439;“;f;165;donde;este;“;“;puntuación;;;;73;267;
1440;estos;f;166;“;ciudadano;tos;es;demostrativo;2;1;;73;12;
1441;ciudadanos;f;167;este;él;nos;ciu;sustantivo;2;1;;73;160;
1442;se;f;168;ciudadano;quedar;se;se;pronombre;;;;73;65;
1443;quedan;f;169;él;bajo;dan;que;verbo;4;15;3;73;364;
1444;bajo;f;170;quedar;su;jo;ba;preposición;;;;73;365;
1445;sus;f;171;bajo;propio;sus;sus;demostrativo;2;;;73;120;
1446;propios;f;172;su;riesgo;pios;pro;demostrativo;2;1;;73;366;
1447;riesgos;f;173;propio;y;gos;ries;sustantivo;2;1;;73;367;
1448;y;f;174;riesgo;responsabilidad;y;y;conjunción;6;;;73;24;
1449;responsabilidades;f;175;y;”;des;res;sustantivo;2;2;;73;368;
1450;”;f;176;responsabilidad;,;”;”;puntuación;;;;73;297;
1451;,;f;177;”;precisar;,;,;puntuación;;;;73;15;
1452;precisó;f;178;,;el;só;pre;verbo;4;19;3;73;369;
1453;el;f;179;precisar;Canciller;el;el;artículo;1;1;;73;8;
1454;Canciller;t;180;el;.;ler;can;sustantivo;;;;73;370;
1455;.;f;181;Canciller;haber;.;.;puntuación;;;;73;6;
1456;Hay;t;182;.;otro;hay;hay;verbo;4;15;3;73;202;
1457;otros;f;183;haber;,;ros;ot;desconocido;;;;73;199;
1458;,;f;184;otro;en;,;,;puntuación;;;;73;15;
1459;en;f;185;,;cambio;en;en;preposición;;;;73;48;
1460;cambio;f;186;en;,;bio;cam;sustantivo;;;;73;371;
1461;,;f;187;cambio;que;,;,;puntuación;;;;73;15;
1462;que;f;188;,;haber;que;que;relativo;;;;73;18;
1463;han;f;189;que;seguir;han;han;verbo;4;15;3;73;202;
1464;seguido;f;190;haber;su;do;se;verbo;;14;;73;47;
1465;su;f;191;seguir;camino;su;su;demostrativo;1;;;73;120;
1466;camino;f;192;su;sin;no;ca;sustantivo;1;1;;73;372;
1467;sin;f;193;camino;firmar;sin;sin;preposición;;;;73;43;
1468;firmar;f;194;sin;el;mar;fir;verbo;;13;;73;361;
1469;el;f;195;firmar;documento;el;el;artículo;1;1;;73;8;
1470;documento;f;196;el;,;to;do;sustantivo;1;1;;73;373;
1471;,;f;197;documento;él;,;,;puntuación;;;;73;15;
1472;ellos;f;198;,;quedar;los;el;pronombre;2;1;;73;65;
1473;quedan;f;199;él;en;dan;que;verbo;4;15;3;73;364;
1474;en;f;200;quedar;condición;en;en;preposición;;;;73;48;
1475;condiciones;f;201;en;irregular;nes;con;sustantivo;2;2;;73;374;
1476;irregulares;f;202;condición;en;res;ir;adjetivo;2;;;73;375;
1477;en;f;203;irregular;Europa;en;en;preposición;;;;73;48;
1478;Europa;t;204;en;,;pa;eu;sustantivo;;;;73;376;
1479;,;f;205;Europa;señalar;,;,;puntuación;;;;73;15;
1480;señaló;f;206;,;.;ló;se;verbo;4;19;3;73;377;
1481;.;f;207;señalar;"

";.;.;puntuación;;;;73;6;
1482;"

";f;208;.;Revalidación;"

";"
";desconocido;;;;73;247;
1483;Revalidación;t;209;"

";de;ción;re;sustantivo;;;;73;378;
1484;de;f;210;Revalidación;nota;de;de;preposición;;;;73;11;
1485;notas;f;211;de;"
";tas;no;sustantivo;2;2;;73;379;
1486;"
";f;212;nota;el;"
";"
";desconocido;;;;73;380;
1487;La;t;213;"
";Cancillería;la;la;artículo;1;2;;73;8;
1488;Cancillería;t;214;el;junto;ría;can;sustantivo;;;;73;327;
1489;junto;f;215;Cancillería;a;to;jun;adjetivo;;;;73;381;
1490;a;f;216;junto;el;a;a;preposición;;;;73;26;
1491;la;f;217;a;Secretaría;la;la;artículo;1;2;;73;8;
1492;Secretaría;t;218;el;de;ría;sec;sustantivo;;;;73;382;
1493;de;f;219;Secretaría;Educación;de;de;preposición;;;;73;11;
1494;Educación;t;220;de;Superior;ción;ed;sustantivo;;;;73;383;
1495;Superior;t;221;Educación;,;rior;su;sustantivo;;;;73;384;
1496;,;f;222;Superior;Ciencia;,;,;puntuación;;;;73;15;
1497;Ciencia;t;223;,;,;cia;cien;sustantivo;;;;73;385;
1498;,;f;224;Ciencia;Tecnología;,;,;puntuación;;;;73;15;
1499;Tecnología;t;225;,;e;gía;tec;sustantivo;;;;73;386;
1500;e;f;226;Tecnología;Innovación;e;e;conjunción;6;;;73;387;
1501;Innovación;t;227;e;(;ción;in;sustantivo;;;;73;388;
1502;(;f;228;Innovación;Senescyt;(;(;puntuación;;;;73;86;
1503;Senescyt;t;229;(;);cyt;se;sustantivo;;;;73;389;
1504;);f;230;Senescyt;y;););puntuación;;;;73;87;
1505;y;f;231;);uno;y;y;conjunción;6;;;73;24;
1506;una;f;232;y;comisión;na;un;artículo;1;2;;73;56;
1507;comisión;f;233;uno;de;sión;co;sustantivo;1;2;;73;83;
1508;de;f;234;comisión;padre;de;de;preposición;;;;73;11;
1509;padres;f;235;de;de;res;pad;sustantivo;2;1;;73;390;
1510;de;f;236;padre;familia;de;de;preposición;;;;73;11;
1511;familia;f;237;de;trabajar;lia;fa;sustantivo;1;2;;73;354;
1512;trabajará;f;238;familia;en;rá;tra;verbo;4;9;3;73;391;
1513;en;f;239;trabajar;uno;en;en;preposición;;;;73;48;
1514;una;f;240;en;revalidación;na;un;artículo;1;2;;73;56;
1515;revalidación;f;241;uno;de;ción;re;sustantivo;1;2;;73;392;
1516;de;f;242;revalidación;nota;de;de;preposición;;;;73;11;
1517;notas;f;243;de;.;tas;no;sustantivo;2;2;;73;379;
1518;.;f;244;nota;“;.;.;puntuación;;;;73;6;
1519;“;f;245;.;Para;“;“;puntuación;;;;73;267;
1520;Para;t;246;“;que;ra;pa;preposición;;;;73;393;
1521;que;f;247;Para;tener;que;que;conjunción;7;;;73;18;
1522;tengan;f;248;que;el;gan;ten;verbo;5;15;3;73;166;
1523;la;f;249;tener;tranquilidad;la;la;artículo;1;2;;73;8;
1524;tranquilidad;f;250;el;de;dad;tra;sustantivo;1;2;;73;394;
1525;de;f;251;tranquilidad;que;de;de;preposición;;;;73;11;
1526;que;f;252;de;ser;que;que;conjunción;7;;;73;18;
1527;serán;f;253;que;bienvenir;rán;se;verbo;4;9;3;73;78;
1528;bienvenidos;f;254;ser;con;dos;bien;verbo;;14;;73;395;
1529;con;f;255;bienvenir;uno;con;con;preposición;;;;73;38;
1530;una;f;256;con;reinserción;na;un;artículo;1;2;;73;56;
1531;reinserción;f;257;uno;en;ción;rein;sustantivo;1;2;;73;396;
1532;en;f;258;reinserción;este;en;en;preposición;;;;73;48;
1533;este;f;259;en;momento;te;es;demostrativo;1;1;;73;12;
1534;momento;f;260;este;de;to;mo;sustantivo;1;1;;73;397;
1535;de;f;261;momento;vulnerabilidad;de;de;preposición;;;;73;11;
1536;vulnerabilidad;f;262;de;que;dad;vul;sustantivo;1;2;;73;398;
1537;que;f;263;vulnerabilidad;tener;que;que;relativo;;;;73;18;
1538;tiene;f;264;que;él;ne;tie;verbo;4;15;3;73;166;
1539;ellos;f;265;tener;”;los;el;pronombre;2;1;;73;65;
1540;”;f;266;él;,;”;”;puntuación;;;;73;297;
1541;,;f;267;”;asegurar;,;,;puntuación;;;;73;15;
1542;aseguró;f;268;,;.;ró;as;verbo;4;19;3;73;399;
1543;.;f;269;asegurar;"";.;.;puntuación;;;;73;6;
